<?xml version="1.1" encoding="UTF-8" standalone="yes"?>
<addon id="plugin.video.SteadFastTV"
       name="SteadFast TV"
       version="1.0"
       provider-name="AsToReY">
  <requires>
    <import addon="xbmc.python" version="2.1.0"/>
	<import addon="script.module.requests" />
  </requires>
  <extension point="xbmc.python.pluginsource"
            library="default.py">
        <provides>video</provides>
  </extension>
  <extension point="xbmc.addon.metadata">
    <summary lang="en">Live Tv, Catchup and Video On Demand Brought to you by SteadFast TV</summary>
    <language>en</language>
    <description lang="en">SteadFast TV - Official Kodi Addon - Supplier of Great Quality and Stable Streams at affordable prices</description>
     <platform>all</platform>
  </extension>
</addon>