<?xml version="1.0" encoding="UTF-8" standalone="yes"?>
<addon id="repository.steadfasttv" name="SteadFast TV Repo" version="1.0" provider-name="AsToReY">
	<extension point="xbmc.addon.repository" name="SteadFast TV Repo">
		<info compressed="false">https://raw.githubusercontent.com/steadfasttv/repo/master/addons.xml</info>
		<checksum>https://raw.githubusercontent.com/steadfasttv/repo/master/addons.xml.md5</checksum>
		<datadir zip="true">https://raw.githubusercontent.com/steadfasttv/repo/master/</datadir>
	</extension>
	<extension point="xbmc.addon.metadata">
		<summary>SteadFast TV Repo</summary>
		<description>Kodi Repository for SteadFast TV</description>
		<platform>all</platform>
	</extension>
</addon>

